{"time":"","playerPosition1":{"x":-224.5399932861328,"y":-24.540000915527345,"z":0.0},"item":[0,0,0]}